,alpha,beta,gamma,tau,scf_bc,nn_scf_bc
0,4.0,0.2,8.0,0.2,1.34117387,1.3713943
1,13.0,0.2,8.0,0.2,1.222589387,1.2808652
2,22.0,0.2,8.0,0.2,1.117951228,1.2326369
3,31.0,0.2,8.0,0.2,1.012799545,1.1781032
4,40.0,0.2,8.0,0.2,0.907258592,1.1323068
5,4.0,0.3,8.0,0.2,3.276677285,3.079016
6,13.0,0.3,8.0,0.2,3.366803497,3.1931062
7,22.0,0.3,8.0,0.2,3.407346782,3.3542314
8,31.0,0.3,8.0,0.2,3.447971192,3.3881993
9,40.0,0.3,8.0,0.2,3.488712665,3.3801842
10,4.0,0.4,8.0,0.2,2.528308136,2.3235252
11,13.0,0.4,8.0,0.2,2.38986435,2.4158351
12,22.0,0.4,8.0,0.2,2.424985628,2.5298548
13,31.0,0.4,8.0,0.2,2.460195647,2.555781
14,40.0,0.4,8.0,0.2,2.495259983,2.5925295
15,4.0,0.5,8.0,0.2,2.365844703,2.2566357
16,13.0,0.5,8.0,0.2,2.125470347,2.116634
17,22.0,0.5,8.0,0.2,2.158840477,2.1998675
18,31.0,0.5,8.0,0.2,2.194878732,2.2380655
19,40.0,0.5,8.0,0.2,2.230950707,2.2780275
20,4.0,0.6,8.0,0.2,2.14993561,2.150302
21,13.0,0.6,8.0,0.2,1.934011441,1.9584861
22,22.0,0.6,8.0,0.2,1.96952085,1.9948622
23,31.0,0.6,8.0,0.2,2.010778853,2.0331671
24,40.0,0.6,8.0,0.2,2.052182343,2.119612
25,4.0,0.7,8.0,0.2,1.966784063,1.8712658
26,13.0,0.7,8.0,0.2,1.833948885,1.9510614
27,22.0,0.7,8.0,0.2,1.87278862,1.9271736
28,31.0,0.7,8.0,0.2,1.916724267,1.9883223
29,40.0,0.7,8.0,0.2,1.961828623,2.1214015
30,4.0,0.2,14.0,0.2,3.477316036,3.2054286
31,13.0,0.2,14.0,0.2,3.632850623,3.4636092
32,22.0,0.2,14.0,0.2,3.646516147,3.459916
33,31.0,0.2,14.0,0.2,3.659492633,3.4476018
34,40.0,0.2,14.0,0.2,3.67165596,3.3852735
35,4.0,0.3,14.0,0.2,2.848218587,2.8227742
36,13.0,0.3,14.0,0.2,2.637735926,2.597969
37,22.0,0.3,14.0,0.2,2.647608116,2.6093433
38,31.0,0.3,14.0,0.2,2.657208095,2.6404262
39,40.0,0.3,14.0,0.2,2.666683026,2.6715083
40,4.0,0.4,14.0,0.2,3.010496173,2.728163
41,13.0,0.4,14.0,0.2,2.417801337,2.3303225
42,22.0,0.4,14.0,0.2,2.420737122,2.3638084
43,31.0,0.4,14.0,0.2,2.428253633,2.403216
44,40.0,0.4,14.0,0.2,2.435516639,2.4475307
45,4.0,0.5,14.0,0.2,2.866753809,2.685764
46,13.0,0.5,14.0,0.2,2.23560404,2.1031048
47,22.0,0.5,14.0,0.2,2.226166296,2.148858
48,31.0,0.5,14.0,0.2,2.232900348,2.19473
49,40.0,0.5,14.0,0.2,2.239700608,2.2432456
50,4.0,0.6,14.0,0.2,2.466435097,2.2886825
51,13.0,0.6,14.0,0.2,2.011885262,1.9557619
52,22.0,0.6,14.0,0.2,2.000140438,1.989949
53,31.0,0.6,14.0,0.2,2.003372079,2.0270612
54,40.0,0.6,14.0,0.2,2.011735793,2.065333
55,4.0,0.7,14.0,0.2,2.199397697,1.9208744
56,13.0,0.7,14.0,0.2,2.038750345,2.0559437
57,22.0,0.7,14.0,0.2,1.959008375,1.9447771
58,31.0,0.7,14.0,0.2,1.953474863,1.9542177
59,40.0,0.7,14.0,0.2,1.957778142,2.0219016
60,4.0,0.2,20.0,0.2,3.702589098,3.3392773
61,13.0,0.2,20.0,0.2,3.853950744,3.4741282
62,22.0,0.2,20.0,0.2,3.866241316,3.4376388
63,31.0,0.2,20.0,0.2,3.868676438,3.4201992
64,40.0,0.2,20.0,0.2,3.870291937,3.470478
65,4.0,0.3,20.0,0.2,3.492706006,3.2162967
66,13.0,0.3,20.0,0.2,2.855785854,2.6723647
67,22.0,0.3,20.0,0.2,2.860495107,2.6571283
68,31.0,0.3,20.0,0.2,2.859751014,2.6895514
69,40.0,0.3,20.0,0.2,2.858610497,2.7265968
70,4.0,0.4,20.0,0.2,3.48521323,3.1820946
71,13.0,0.4,20.0,0.2,2.396224338,2.3262808
72,22.0,0.4,20.0,0.2,2.378456499,2.3577828
73,31.0,0.4,20.0,0.2,2.376089603,2.3937855
74,40.0,0.4,20.0,0.2,2.37358958,2.4368968
75,4.0,0.5,20.0,0.2,3.094200179,2.9454277
76,13.0,0.5,20.0,0.2,2.117191085,2.0952322
77,22.0,0.5,20.0,0.2,2.088519085,2.1379495
78,31.0,0.5,20.0,0.2,2.080038607,2.1836796
79,40.0,0.5,20.0,0.2,2.075070879,2.2312891
80,4.0,0.6,20.0,0.2,2.649929175,2.4229546
81,13.0,0.6,20.0,0.2,2.090495541,2.028017
82,22.0,0.6,20.0,0.2,1.95201787,1.96049
83,31.0,0.6,20.0,0.2,1.926986937,1.9725823
84,40.0,0.6,20.0,0.2,1.917301623,1.9847374
85,4.0,0.7,20.0,0.2,2.150508632,1.9227508
86,13.0,0.7,20.0,0.2,2.213261941,2.1649714
87,22.0,0.7,20.0,0.2,1.87885174,1.9285061
88,31.0,0.7,20.0,0.2,1.854233165,1.8318317
89,40.0,0.7,20.0,0.2,1.83252207,1.8516458
90,4.0,0.2,26.0,0.2,4.002388841,3.776028
91,13.0,0.2,26.0,0.2,4.044201497,3.6513174
92,22.0,0.2,26.0,0.2,4.071386098,3.653573
93,31.0,0.2,26.0,0.2,4.06861837,3.672883
94,40.0,0.2,26.0,0.2,4.066269035,3.737899
95,4.0,0.3,26.0,0.2,4.268743662,3.7145355
96,13.0,0.3,26.0,0.2,3.061295654,2.846759
97,22.0,0.3,26.0,0.2,3.069069521,2.8109815
98,31.0,0.3,26.0,0.2,3.061982691,2.8271034
99,40.0,0.3,26.0,0.2,3.054224044,2.860729
100,4.0,0.4,26.0,0.2,3.877291149,3.638943
101,13.0,0.4,26.0,0.2,2.292242571,2.3380353
102,22.0,0.4,26.0,0.2,2.254731178,2.353321
103,31.0,0.4,26.0,0.2,2.245379973,2.3729877
104,40.0,0.4,26.0,0.2,2.236198995,2.3869808
105,4.0,0.5,26.0,0.2,3.29576312,3.0662558
106,13.0,0.5,26.0,0.2,2.053110239,2.0042894
107,22.0,0.5,26.0,0.2,1.990543464,2.0078871
108,31.0,0.5,26.0,0.2,1.96359788,2.0303237
109,40.0,0.5,26.0,0.2,1.94951052,2.0528514
110,4.0,0.6,26.0,0.2,2.546256818,2.3400404
111,13.0,0.6,26.0,0.2,2.078778622,2.0480864
112,22.0,0.6,26.0,0.2,1.820156059,1.8337092
113,31.0,0.6,26.0,0.2,1.780829592,1.7810037
114,40.0,0.6,26.0,0.2,1.756197952,1.7764103
115,4.0,0.7,26.0,0.2,1.941026353,1.8546103
116,13.0,0.7,26.0,0.2,2.405068077,2.2611396
117,22.0,0.7,26.0,0.2,1.747092205,1.8734585
118,31.0,0.7,26.0,0.2,1.713016835,1.7426655
119,40.0,0.7,26.0,0.2,1.673612457,1.6879343
120,4.0,0.2,32.0,0.2,4.553598046,4.292586
121,13.0,0.2,32.0,0.2,4.397287302,3.9347954
122,22.0,0.2,32.0,0.2,4.44911001,3.9541059
123,31.0,0.2,32.0,0.2,4.445255385,3.973416
124,40.0,0.2,32.0,0.2,4.435969482,4.0091963
125,4.0,0.3,32.0,0.2,4.959738281,4.1764417
126,13.0,0.3,32.0,0.2,3.088439932,2.9560726
127,22.0,0.3,32.0,0.2,3.090647056,2.8936214
128,31.0,0.3,32.0,0.2,3.078050758,2.9023004
129,40.0,0.3,32.0,0.2,3.065515825,2.960131
130,4.0,0.4,32.0,0.2,4.342926632,3.7108293
131,13.0,0.4,32.0,0.2,2.254155363,2.1782415
132,22.0,0.4,32.0,0.2,2.194022608,2.1297896
133,31.0,0.4,32.0,0.2,2.176022217,2.14341
134,40.0,0.4,32.0,0.2,2.160276043,2.1576104
135,4.0,0.5,32.0,0.2,3.297953883,3.0479367
136,13.0,0.5,32.0,0.2,1.937763276,1.9586985
137,22.0,0.5,32.0,0.2,1.802245876,1.7911415
138,31.0,0.5,32.0,0.2,1.757676122,1.8028845
139,40.0,0.5,32.0,0.2,1.736217522,1.8216
140,4.0,0.6,32.0,0.2,2.419191677,2.2402122
141,13.0,0.6,32.0,0.2,2.194001911,2.1411777
142,22.0,0.6,32.0,0.2,1.710060711,1.7686791
143,31.0,0.6,32.0,0.2,1.665054412,1.6234375
144,40.0,0.6,32.0,0.2,1.625239097,1.5759315
145,4.0,0.7,32.0,0.2,1.711379091,1.7758718
146,13.0,0.7,32.0,0.2,2.718858568,2.3136048
147,22.0,0.7,32.0,0.2,1.710085862,1.7520256
148,31.0,0.7,32.0,0.2,1.647098171,1.6129588
149,40.0,0.7,32.0,0.2,1.142760276,1.5004587
150,4.0,0.2,8.0,0.4,1.588702562,1.5212611
151,13.0,0.2,8.0,0.4,1.491398746,1.521848
152,22.0,0.2,8.0,0.4,1.533707737,1.5623763
153,31.0,0.2,8.0,0.4,1.576870745,1.6156713
154,40.0,0.2,8.0,0.4,1.619786461,1.6617817
155,4.0,0.3,8.0,0.4,1.694652331,1.5895336
156,13.0,0.3,8.0,0.4,1.582909481,1.5675358
157,22.0,0.3,8.0,0.4,1.651647405,1.6380984
158,31.0,0.3,8.0,0.4,1.721168417,1.7605501
159,40.0,0.3,8.0,0.4,1.790723448,1.8179904
160,4.0,0.4,8.0,0.4,1.824943113,1.7037662
161,13.0,0.4,8.0,0.4,1.626172314,1.6564074
162,22.0,0.4,8.0,0.4,1.719807881,1.8065456
163,31.0,0.4,8.0,0.4,1.813752672,1.9673799
164,40.0,0.4,8.0,0.4,1.907852767,2.1028016
165,4.0,0.5,8.0,0.4,2.024755162,1.7867967
166,13.0,0.5,8.0,0.4,1.67059691,1.6374167
167,22.0,0.5,8.0,0.4,1.794189421,1.7813735
168,31.0,0.5,8.0,0.4,1.918774987,1.9244708
169,40.0,0.5,8.0,0.4,2.043648707,2.0498633
170,4.0,0.6,8.0,0.4,2.117728323,1.9445611
171,13.0,0.6,8.0,0.4,1.668335856,1.649957
172,22.0,0.6,8.0,0.4,1.822008263,1.8225502
173,31.0,0.6,8.0,0.4,1.9780893,1.9339386
174,40.0,0.6,8.0,0.4,2.134499778,2.0784233
175,4.0,0.7,8.0,0.4,2.120593459,2.0087745
176,13.0,0.7,8.0,0.4,1.698046169,1.7259133
177,22.0,0.7,8.0,0.4,1.88120146,1.842701
178,31.0,0.7,8.0,0.4,2.069419573,2.0196502
179,40.0,0.7,8.0,0.4,2.257955589,2.2342677
180,4.0,0.2,14.0,0.4,2.009410167,1.9982471
181,13.0,0.2,14.0,0.4,1.83621442,1.8482257
182,22.0,0.2,14.0,0.4,1.861197155,1.8259867
183,31.0,0.2,14.0,0.4,1.890199423,1.8355066
184,40.0,0.2,14.0,0.4,1.919387733,1.8875384
185,4.0,0.3,14.0,0.4,2.24116143,2.2689574
186,13.0,0.3,14.0,0.4,1.988290012,2.0856524
187,22.0,0.3,14.0,0.4,2.02421848,2.102544
188,31.0,0.3,14.0,0.4,2.065704118,2.1486084
189,40.0,0.3,14.0,0.4,2.107056145,2.169174
190,4.0,0.4,14.0,0.4,2.585914935,2.4270835
191,13.0,0.4,14.0,0.4,1.917131302,1.9460937
192,22.0,0.4,14.0,0.4,1.96753234,1.9906604
193,31.0,0.4,14.0,0.4,2.025544838,2.0303671
194,40.0,0.4,14.0,0.4,2.083844592,2.0898905
195,4.0,0.5,14.0,0.4,2.811476091,2.487282
196,13.0,0.5,14.0,0.4,1.754770373,1.7478046
197,22.0,0.5,14.0,0.4,1.816805532,1.779021
198,31.0,0.5,14.0,0.4,1.891417532,1.854202
199,40.0,0.5,14.0,0.4,1.966563429,1.9788094
200,4.0,0.6,14.0,0.4,2.70780096,2.495574
201,13.0,0.6,14.0,0.4,1.6464204,1.6962209
202,22.0,0.6,14.0,0.4,1.717658918,1.7592564
203,31.0,0.6,14.0,0.4,1.811505438,1.8719153
204,40.0,0.6,14.0,0.4,1.905769778,1.9800273
205,4.0,0.7,14.0,0.4,2.471061014,2.4131558
206,13.0,0.7,14.0,0.4,1.63060878,1.6927173
207,22.0,0.7,14.0,0.4,1.716197839,1.7447195
208,31.0,0.7,14.0,0.4,1.824197307,1.820641
209,40.0,0.7,14.0,0.4,1.934242718,2.03674
210,4.0,0.2,20.0,0.4,2.528643408,2.416655
211,13.0,0.2,20.0,0.4,2.362245781,2.3283145
212,22.0,0.2,20.0,0.4,2.364092687,2.3643775
213,31.0,0.2,20.0,0.4,2.383145793,2.3489773
214,40.0,0.2,20.0,0.4,2.401270902,2.3779225
215,4.0,0.3,20.0,0.4,2.814737584,2.662204
216,13.0,0.3,20.0,0.4,2.344810498,2.293741
217,22.0,0.3,20.0,0.4,2.349813249,2.2795737
218,31.0,0.3,20.0,0.4,2.377783807,2.264563
219,40.0,0.3,20.0,0.4,2.4057851,2.2816758
220,4.0,0.4,20.0,0.4,3.232783939,2.968091
221,13.0,0.4,20.0,0.4,1.924154799,2.0029123
222,22.0,0.4,20.0,0.4,1.928083747,1.9858847
223,31.0,0.4,20.0,0.4,1.96724669,2.0196824
224,40.0,0.4,20.0,0.4,2.006451813,2.0641208
225,4.0,0.5,20.0,0.4,3.463492681,2.9789445
226,13.0,0.5,20.0,0.4,1.715358485,1.7407165
227,22.0,0.5,20.0,0.4,1.70761382,1.725978
228,31.0,0.5,20.0,0.4,1.758779621,1.746107
229,40.0,0.5,20.0,0.4,1.810138268,1.815814
230,4.0,0.6,20.0,0.4,3.095835823,2.7518835
231,13.0,0.6,20.0,0.4,1.583473185,1.5767851
232,22.0,0.6,20.0,0.4,1.578660829,1.575235
233,31.0,0.6,20.0,0.4,1.640444065,1.6277746
234,40.0,0.6,20.0,0.4,1.703754531,1.701794
235,4.0,0.7,20.0,0.4,2.554583515,2.4270034
236,13.0,0.7,20.0,0.4,1.572495518,1.5599031
237,22.0,0.7,20.0,0.4,1.55837728,1.5662489
238,31.0,0.7,20.0,0.4,1.618524916,1.6131743
239,40.0,0.7,20.0,0.4,1.687400529,1.7581519
240,4.0,0.2,26.0,0.4,3.071041524,2.9235177
241,13.0,0.2,26.0,0.4,2.924563758,2.7610343
242,22.0,0.2,26.0,0.4,2.907698152,2.8085349
243,31.0,0.2,26.0,0.4,2.920048587,2.815393
244,40.0,0.2,26.0,0.4,2.931970701,2.7394695
245,4.0,0.3,26.0,0.4,3.274095098,3.083424
246,13.0,0.3,26.0,0.4,2.296149799,2.350008
247,22.0,0.3,26.0,0.4,2.263003806,2.302949
248,31.0,0.3,26.0,0.4,2.282192298,2.2374265
249,40.0,0.3,26.0,0.4,2.301422213,2.2463493
250,4.0,0.4,26.0,0.4,3.845172133,3.3316815
251,13.0,0.4,26.0,0.4,1.818599276,1.9177876
252,22.0,0.4,26.0,0.4,1.752520649,1.8494726
253,31.0,0.4,26.0,0.4,1.778496157,1.8504664
254,40.0,0.4,26.0,0.4,1.804729569,1.8694304
255,4.0,0.5,26.0,0.4,3.909030836,3.231665
256,13.0,0.5,26.0,0.4,1.559596139,1.4970583
257,22.0,0.5,26.0,0.4,1.456257501,1.4753605
258,31.0,0.5,26.0,0.4,1.488779595,1.4960116
259,40.0,0.5,26.0,0.4,1.521775948,1.5320764
260,4.0,0.6,26.0,0.4,3.160079889,2.9342387
261,13.0,0.6,26.0,0.4,1.421254429,1.4070038
262,22.0,0.6,26.0,0.4,1.316056887,1.3843691
263,31.0,0.6,26.0,0.4,1.346318241,1.3902984
264,40.0,0.6,26.0,0.4,1.383467245,1.454912
265,4.0,0.7,26.0,0.4,2.475324568,2.3441837
266,13.0,0.7,26.0,0.4,1.583017421,1.5504245
267,22.0,0.7,26.0,0.4,1.413101219,1.386257
268,31.0,0.7,26.0,0.4,1.433833394,1.4305971
269,40.0,0.7,26.0,0.4,1.471918599,1.4753486
270,4.0,0.2,32.0,0.4,3.627113893,3.4414837
271,13.0,0.2,32.0,0.4,3.46290604,3.0012689
272,22.0,0.2,32.0,0.4,3.433264798,2.9959981
273,31.0,0.2,32.0,0.4,3.440400475,2.9907281
274,40.0,0.2,32.0,0.4,3.447593741,2.9854937
275,4.0,0.3,32.0,0.4,3.632878365,3.2370746
276,13.0,0.3,32.0,0.4,2.294959187,2.161353
277,22.0,0.3,32.0,0.4,2.209425221,2.120377
278,31.0,0.3,32.0,0.4,2.220343377,2.1075861
279,40.0,0.3,32.0,0.4,2.232925042,2.1189587
280,4.0,0.4,32.0,0.4,4.317617446,3.5511386
281,13.0,0.4,32.0,0.4,1.605645413,1.6950027
282,22.0,0.4,32.0,0.4,1.445146161,1.5958664
283,31.0,0.4,32.0,0.4,1.460629725,1.525122
284,40.0,0.4,32.0,0.4,1.515953272,1.540469
285,4.0,0.5,32.0,0.4,4.07160417,3.4431703
286,13.0,0.5,32.0,0.4,1.33066603,1.2394316
287,22.0,0.5,32.0,0.4,1.088190177,1.1103405
288,31.0,0.5,32.0,0.4,1.103585435,1.1522931
289,40.0,0.5,32.0,0.4,1.144286433,1.1897651
290,4.0,0.6,32.0,0.4,3.125370946,2.8014405
291,13.0,0.6,32.0,0.4,1.342114316,1.2822098
292,22.0,0.6,32.0,0.4,1.108084327,1.1404128
293,31.0,0.6,32.0,0.4,1.108960655,1.1464901
294,40.0,0.6,32.0,0.4,1.128000848,1.1560458
295,4.0,0.7,32.0,0.4,2.265258902,2.0720036
296,13.0,0.7,32.0,0.4,1.658715517,1.5061631
297,22.0,0.7,32.0,0.4,1.273290212,1.2245753
298,31.0,0.7,32.0,0.4,1.261184939,1.2529364
299,40.0,0.7,32.0,0.4,1.269088554,1.283147
300,4.0,0.2,8.0,0.6,1.165429281,1.1655535
301,13.0,0.2,8.0,0.6,0.9924221837,1.121869
302,22.0,0.2,8.0,0.6,0.9989987781,1.0811449
303,31.0,0.2,8.0,0.6,1.006042173,1.01498
304,40.0,0.2,8.0,0.6,1.012984347,1.00985
305,4.0,0.3,8.0,0.6,1.272008369,1.249443
306,13.0,0.3,8.0,0.6,1.045035151,1.109805
307,22.0,0.3,8.0,0.6,1.096210255,1.1071302
308,31.0,0.3,8.0,0.6,1.148449535,1.1526604
309,40.0,0.3,8.0,0.6,1.200917786,1.2220848
310,4.0,0.4,8.0,0.6,1.464718936,1.3765019
311,13.0,0.4,8.0,0.6,1.190407896,1.2063277
312,22.0,0.4,8.0,0.6,1.293151888,1.2975365
313,31.0,0.4,8.0,0.6,1.397600066,1.4395821
314,40.0,0.4,8.0,0.6,1.501990886,1.5288273
315,4.0,0.5,8.0,0.6,1.689147529,1.5111796
316,13.0,0.5,8.0,0.6,1.316734794,1.3438131
317,22.0,0.5,8.0,0.6,1.474376064,1.4662819
318,31.0,0.5,8.0,0.6,1.633556276,1.6111227
319,40.0,0.5,8.0,0.6,1.793071475,1.747695
320,4.0,0.6,8.0,0.6,1.88999239,1.6901516
321,13.0,0.6,8.0,0.6,1.445089789,1.4660021
322,22.0,0.6,8.0,0.6,1.667407687,1.6102816
323,31.0,0.6,8.0,0.6,1.891736551,1.8656629
324,40.0,0.6,8.0,0.6,2.116530943,2.1419706
325,4.0,0.7,8.0,0.6,2.000419502,1.9018731
326,13.0,0.7,8.0,0.6,1.553169252,1.5922941
327,22.0,0.7,8.0,0.6,1.841750047,1.8675264
328,31.0,0.7,8.0,0.6,2.133156527,2.0992575
329,40.0,0.7,8.0,0.6,2.425278602,2.3241491
330,4.0,0.2,14.0,0.6,1.344806593,1.2495122
331,13.0,0.2,14.0,0.6,0.970518817,1.0682007
332,22.0,0.2,14.0,0.6,0.9813639944,1.0486013
333,31.0,0.2,14.0,0.6,0.9996753141,1.0285974
334,40.0,0.2,14.0,0.6,1.018393942,1.0372953
335,4.0,0.3,14.0,0.6,1.702239423,1.6479284
336,13.0,0.3,14.0,0.6,1.262459502,1.2904189
337,22.0,0.3,14.0,0.6,1.299875518,1.2668307
338,31.0,0.3,14.0,0.6,1.347388921,1.2975489
339,40.0,0.3,14.0,0.6,1.395427512,1.4738126
340,4.0,0.4,14.0,0.6,2.021467326,1.8973949
341,13.0,0.4,14.0,0.6,1.367276813,1.4092462
342,22.0,0.4,14.0,0.6,1.436999973,1.4666431
343,31.0,0.4,14.0,0.6,1.519614179,1.5963494
344,40.0,0.4,14.0,0.6,1.602717744,1.6836488
345,4.0,0.5,14.0,0.6,2.360461391,2.133645
346,13.0,0.5,14.0,0.6,1.37410574,1.4112533
347,22.0,0.5,14.0,0.6,1.483609423,1.5448731
348,31.0,0.5,14.0,0.6,1.609273626,1.6604161
349,40.0,0.5,14.0,0.6,1.735692094,1.7806275
350,4.0,0.6,14.0,0.6,2.545270393,2.3259995
351,13.0,0.6,14.0,0.6,1.393039349,1.5173254
352,22.0,0.6,14.0,0.6,1.541831093,1.5979794
353,31.0,0.6,14.0,0.6,1.712897521,1.6800649
354,40.0,0.6,14.0,0.6,1.884733613,1.8980243
355,4.0,0.7,14.0,0.6,2.509298185,2.2888293
356,13.0,0.7,14.0,0.6,1.457680238,1.5303904
357,22.0,0.7,14.0,0.6,1.643018092,1.6207465
358,31.0,0.7,14.0,0.6,1.856118916,1.819878
359,40.0,0.7,14.0,0.6,2.070117521,2.0358138
360,4.0,0.2,20.0,0.6,1.832466481,1.6520711
361,13.0,0.2,20.0,0.6,1.393765293,1.3521408
362,22.0,0.2,20.0,0.6,1.377485968,1.3323251
363,31.0,0.2,20.0,0.6,1.39417368,1.3376153
364,40.0,0.2,20.0,0.6,2.097017263,1.3679447
365,4.0,0.3,20.0,0.6,2.159800335,2.0465403
366,13.0,0.3,20.0,0.6,1.588031013,1.6165873
367,22.0,0.3,20.0,0.6,1.581827371,1.6107665
368,31.0,0.3,20.0,0.6,1.620637506,1.6083915
369,40.0,0.3,20.0,0.6,1.65970946,1.687691
370,4.0,0.4,20.0,0.6,2.555822506,2.4496958
371,13.0,0.4,20.0,0.6,1.444886157,1.509075
372,22.0,0.4,20.0,0.6,1.454125391,1.4775741
373,31.0,0.4,20.0,0.6,1.524706515,1.5761226
374,40.0,0.4,20.0,0.6,1.595856274,1.7053558
375,4.0,0.5,20.0,0.6,2.900459891,2.616851
376,13.0,0.5,20.0,0.6,1.258744107,1.2997369
377,22.0,0.5,20.0,0.6,1.282275153,1.330275
378,31.0,0.5,20.0,0.6,1.38431391,1.4294559
379,40.0,0.5,20.0,0.6,1.486899819,1.5142817
380,4.0,0.6,20.0,0.6,2.882615572,2.532762
381,13.0,0.6,20.0,0.6,1.222102191,1.2398762
382,22.0,0.6,20.0,0.6,1.267268297,1.3177217
383,31.0,0.6,20.0,0.6,1.40590673,1.3961946
384,40.0,0.6,20.0,0.6,1.544969648,1.5695107
385,4.0,0.7,20.0,0.6,2.597534697,2.3744938
386,13.0,0.7,20.0,0.6,1.295879341,1.3352188
387,22.0,0.7,20.0,0.6,1.367514614,1.404184
388,31.0,0.7,20.0,0.6,1.530547927,1.5674628
389,40.0,0.7,20.0,0.6,1.695410312,1.737963
390,4.0,0.2,26.0,0.6,2.341330629,2.160503
391,13.0,0.2,26.0,0.6,1.889282377,1.7287017
392,22.0,0.2,26.0,0.6,1.832052221,1.717958
393,31.0,0.2,26.0,0.6,1.845407859,1.7345777
394,40.0,0.2,26.0,0.6,1.859992509,1.7614994
395,4.0,0.3,26.0,0.6,2.548333822,2.462955
396,13.0,0.3,26.0,0.6,1.769851218,1.7422562
397,22.0,0.3,26.0,0.6,1.698326275,1.7127935
398,31.0,0.3,26.0,0.6,1.731803192,1.6626496
399,40.0,0.3,26.0,0.6,1.765690048,1.6347295
400,4.0,0.4,26.0,0.6,3.015208852,2.7368555
401,13.0,0.4,26.0,0.6,1.333725852,1.3698518
402,22.0,0.4,26.0,0.6,1.242128322,1.2929083
403,31.0,0.4,26.0,0.6,1.303894841,1.2263081
404,40.0,0.4,26.0,0.6,1.366158632,1.3685455
405,4.0,0.5,26.0,0.6,3.323916746,2.9594913
406,13.0,0.5,26.0,0.6,1.069133413,1.0361348
407,22.0,0.5,26.0,0.6,0.9583008377,0.9526024
408,31.0,0.5,26.0,0.6,1.043464616,1.0541629
409,40.0,0.5,26.0,0.6,1.129234145,1.155909
410,4.0,0.6,26.0,0.6,3.091531664,2.6308997
411,13.0,0.6,26.0,0.6,1.067335156,0.9485089
412,22.0,0.6,26.0,0.6,0.9680556836,1.008789
413,31.0,0.6,26.0,0.6,1.078230947,1.0893607
414,40.0,0.6,26.0,0.6,1.189540155,1.145774
415,4.0,0.7,26.0,0.6,2.568664274,2.3425217
416,13.0,0.7,26.0,0.6,1.207501466,1.2249864
417,22.0,0.7,26.0,0.6,1.132976648,1.204034
418,31.0,0.7,26.0,0.6,1.251794969,1.2787867
419,40.0,0.7,26.0,0.6,1.377218185,1.4048272
420,4.0,0.2,32.0,0.6,2.690159459,2.7217536
421,13.0,0.2,32.0,0.6,2.227198463,2.1384177
422,22.0,0.2,32.0,0.6,2.126060427,2.1430871
423,31.0,0.2,32.0,0.6,2.134498576,2.0754678
424,40.0,0.2,32.0,0.6,2.145153799,2.0380945
425,4.0,0.3,32.0,0.6,2.831056524,2.641099
426,13.0,0.3,32.0,0.6,1.747913831,1.5943985
427,22.0,0.3,32.0,0.6,1.586914856,1.5516195
428,31.0,0.3,32.0,0.6,1.612892065,1.5104907
429,40.0,0.3,32.0,0.6,1.64180999,1.4645427
430,4.0,0.4,32.0,0.6,3.323042744,2.825087
431,13.0,0.4,32.0,0.6,1.065096677,1.0361277
432,22.0,0.4,32.0,0.6,0.8322884583,0.952885
433,31.0,0.4,32.0,0.6,0.8780674463,0.86883974
434,40.0,0.4,32.0,0.6,0.9285418009,0.8816564
435,4.0,0.5,32.0,0.6,3.655008139,2.9752479
436,13.0,0.5,32.0,0.6,0.8712289047,0.7714709
437,22.0,0.5,32.0,0.6,0.5855803554,0.67109936
438,31.0,0.5,32.0,0.6,0.6512442633,0.6700953
439,40.0,0.5,32.0,0.6,0.7226250392,0.8064917
440,4.0,0.6,32.0,0.6,3.051182603,2.5848863
441,13.0,0.6,32.0,0.6,0.918191019,0.86258537
442,22.0,0.6,32.0,0.6,0.6554499972,0.67190856
443,31.0,0.6,32.0,0.6,0.7333227185,0.7702851
444,40.0,0.6,32.0,0.6,0.8195410944,0.8622652
445,4.0,0.7,32.0,0.6,2.362188572,2.2533069
446,13.0,0.7,32.0,0.6,1.198289,1.1114135
447,22.0,0.7,32.0,0.6,0.9536596135,0.97350913
448,31.0,0.7,32.0,0.6,1.032258302,1.0476242
449,40.0,0.7,32.0,0.6,1.129286524,1.1943693
450,4.0,0.2,8.0,0.8,1.093563833,1.068852
451,13.0,0.2,8.0,0.8,0.880579204,0.9546856
452,22.0,0.2,8.0,0.8,0.8409118366,0.93118423
453,31.0,0.2,8.0,0.8,0.8011261115,0.8405765
454,40.0,0.2,8.0,0.8,0.7618009475,0.7460083
455,4.0,0.3,8.0,0.8,1.032474165,1.0006067
456,13.0,0.3,8.0,0.8,0.7119633919,0.77852845
457,22.0,0.3,8.0,0.8,0.7143567161,0.78773993
458,31.0,0.3,8.0,0.8,0.7176059554,0.72710276
459,40.0,0.3,8.0,0.8,0.7209451742,0.68210804
460,4.0,0.4,8.0,0.8,1.195197878,1.1854506
461,13.0,0.4,8.0,0.8,0.8145722743,0.90436405
462,22.0,0.4,8.0,0.8,0.87970665,0.9276182
463,31.0,0.4,8.0,0.8,0.9458933859,0.94366187
464,40.0,0.4,8.0,0.8,1.01267235,1.0232092
465,4.0,0.5,8.0,0.8,1.428801903,1.3582072
466,13.0,0.5,8.0,0.8,0.9955899978,1.0793266
467,22.0,0.5,8.0,0.8,1.139785551,1.1399971
468,31.0,0.5,8.0,0.8,1.284689579,1.3076246
469,40.0,0.5,8.0,0.8,1.430357708,1.4922658
470,4.0,0.6,8.0,0.8,1.654252461,1.5633917
471,13.0,0.6,8.0,0.8,1.186968275,1.2765139
472,22.0,0.6,8.0,0.8,1.421716749,1.453869
473,31.0,0.6,8.0,0.8,1.65718196,1.710647
474,40.0,0.6,8.0,0.8,1.894091953,1.9320157
475,4.0,0.7,8.0,0.8,1.838987539,1.659688
476,13.0,0.7,8.0,0.8,1.394064295,1.4577556
477,22.0,0.7,8.0,0.8,1.728072815,1.7131187
478,31.0,0.7,8.0,0.8,2.065033727,2.0127466
479,40.0,0.7,8.0,0.8,2.402756272,2.2469296
480,4.0,0.2,14.0,0.8,0.8868339331,0.8131392
481,13.0,0.2,14.0,0.8,0.3791629932,0.4098662
482,22.0,0.2,14.0,0.8,1.426485146,0.45297244
483,31.0,0.2,14.0,0.8,0.347227825,0.4960787
484,40.0,0.2,14.0,0.8,0.3356318117,0.539185
485,4.0,0.3,14.0,0.8,1.225546188,1.1034518
486,13.0,0.3,14.0,0.8,0.5815023223,0.6261274
487,22.0,0.3,14.0,0.8,0.5963844669,0.66923374
488,31.0,0.3,14.0,0.8,0.6229483768,0.71233994
489,40.0,0.3,14.0,0.8,0.6504345134,0.75544626
490,4.0,0.4,14.0,0.8,1.562673115,1.4828068
491,13.0,0.4,14.0,0.8,0.7909228004,0.841981
492,22.0,0.4,14.0,0.8,0.8544527055,0.88567436
493,31.0,0.4,14.0,0.8,0.934560702,0.92267585
494,40.0,0.4,14.0,0.8,1.015476809,1.0946226
495,4.0,0.5,14.0,0.8,1.912933498,1.8124532
496,13.0,0.5,14.0,0.8,0.9334527064,1.0267378
497,22.0,0.5,14.0,0.8,1.057218493,1.0462803
498,31.0,0.5,14.0,0.8,1.20138123,1.201376
499,40.0,0.5,14.0,0.8,1.346500839,1.4517344
500,4.0,0.6,14.0,0.8,2.183287402,2.0120354
501,13.0,0.6,14.0,0.8,1.070413313,1.0470719
502,22.0,0.6,14.0,0.8,1.262594273,1.2025545
503,31.0,0.6,14.0,0.8,1.478899174,1.5145042
504,40.0,0.6,14.0,0.8,1.696297657,1.7635794
505,4.0,0.7,14.0,0.8,2.272664835,2.079504
506,13.0,0.7,14.0,0.8,1.217822616,1.3356434
507,22.0,0.7,14.0,0.8,1.478390906,1.5888418
508,31.0,0.7,14.0,0.8,1.767442448,1.8105515
509,40.0,0.7,14.0,0.8,2.05759372,2.0491219
510,4.0,0.2,20.0,0.8,1.152107047,1.0992348
511,13.0,0.2,20.0,0.8,0.4822609638,0.6910815
512,22.0,0.2,20.0,0.8,0.4376915838,0.68916553
513,31.0,0.2,20.0,0.8,0.4353322277,0.76043326
514,40.0,0.2,20.0,0.8,2.795327767,0.8330718
515,4.0,0.3,20.0,0.8,1.586330875,1.3684508
516,13.0,0.3,20.0,0.8,0.7867463451,0.79582655
517,22.0,0.3,20.0,0.8,0.7586575381,0.81183267
518,31.0,0.3,20.0,0.8,0.7916686151,0.82874274
519,40.0,0.3,20.0,0.8,0.825700218,0.84781516
520,4.0,0.4,20.0,0.8,1.947745687,1.7322539
521,13.0,0.4,20.0,0.8,0.8328877618,0.8585133
522,22.0,0.4,20.0,0.8,0.8326313832,0.8766561
523,31.0,0.4,20.0,0.8,0.9133105016,0.89372885
524,40.0,0.4,20.0,0.8,0.9949248867,0.98027736
525,4.0,0.5,20.0,0.8,2.332166223,2.1598854
526,13.0,0.5,20.0,0.8,0.8251290774,0.88060695
527,22.0,0.5,20.0,0.8,0.8638108716,0.8825665
528,31.0,0.5,20.0,0.8,1.001722403,0.94189394
529,40.0,0.5,20.0,0.8,1.140508109,1.1602722
530,4.0,0.6,20.0,0.8,2.522864931,2.255004
531,13.0,0.6,20.0,0.8,0.9007371895,0.89938927
532,22.0,0.6,20.0,0.8,0.9838526178,0.91022754
533,31.0,0.6,20.0,0.8,1.179705284,1.1524576
534,40.0,0.6,20.0,0.8,1.376311263,1.4586521
535,4.0,0.7,20.0,0.8,2.44010213,2.206349
536,13.0,0.7,20.0,0.8,1.070518934,1.1117951
537,22.0,0.7,20.0,0.8,1.201339073,1.2940743
538,31.0,0.7,20.0,0.8,1.446644768,1.4880376
539,40.0,0.7,20.0,0.8,1.692598597,1.6720524
540,4.0,0.2,26.0,0.8,1.524369967,1.3095378
541,13.0,0.2,26.0,0.8,0.7915150049,0.8465253
542,22.0,0.2,26.0,0.8,0.6920076714,0.82181555
543,31.0,0.2,26.0,0.8,0.6940067779,0.8326179
544,40.0,0.2,26.0,0.8,0.6968122898,0.874792
545,4.0,0.3,26.0,0.8,1.825310768,1.701668
546,13.0,0.3,26.0,0.8,0.8736869768,0.79269195
547,22.0,0.3,26.0,0.8,0.7606076282,0.78316367
548,31.0,0.3,26.0,0.8,0.7932682267,0.8059207
549,40.0,0.3,26.0,0.8,0.8266159135,0.8456941
550,4.0,0.4,26.0,0.8,2.224730631,1.9879078
551,13.0,0.4,26.0,0.8,0.7020287485,0.75953597
552,22.0,0.4,26.0,0.8,0.5796556107,0.7561014
553,31.0,0.4,26.0,0.8,0.6582493121,0.76401454
554,40.0,0.4,26.0,0.8,0.7376223249,0.7609743
555,4.0,0.5,26.0,0.8,2.626043351,2.3264155
556,13.0,0.5,26.0,0.8,0.6123275872,0.68383867
557,22.0,0.5,26.0,0.8,0.4977564169,0.6804042
558,31.0,0.5,26.0,0.8,0.6262810211,0.67696965
559,40.0,0.5,26.0,0.8,0.7556256009,0.81579393
560,4.0,0.6,26.0,0.8,2.60119414,2.312947
561,13.0,0.6,26.0,0.8,0.7092719868,0.726819
562,22.0,0.6,26.0,0.8,0.6285398505,0.663581
563,31.0,0.6,26.0,0.8,0.8000271285,0.7627012
564,40.0,0.6,26.0,0.8,0.9722418356,1.0187862
565,4.0,0.7,26.0,0.8,2.425918917,2.1572082
566,13.0,0.7,26.0,0.8,0.97975696,0.9749934
567,22.0,0.7,26.0,0.8,0.9427874661,1.0115722
568,31.0,0.7,26.0,0.8,1.135907752,1.2067802
569,40.0,0.7,26.0,0.8,1.348731216,1.3540863
570,4.0,0.2,32.0,0.8,1.889126901,1.6496204
571,13.0,0.2,32.0,0.8,1.113537576,0.9166885
572,22.0,0.2,32.0,0.8,0.9464571932,0.8877366
573,31.0,0.2,32.0,0.8,0.9480288211,0.8586326
574,40.0,0.2,32.0,0.8,0.9520812189,0.8811778
575,4.0,0.3,32.0,0.8,2.04888838,1.9487661
576,13.0,0.3,32.0,0.8,0.8918977632,0.79442394
577,22.0,0.3,32.0,0.8,0.6638950523,0.7655561
578,31.0,0.3,32.0,0.8,0.6931728104,0.78596514
579,40.0,0.3,32.0,0.8,0.7262448819,0.8195647
580,4.0,0.4,32.0,0.8,2.41763735,2.029387
581,13.0,0.4,32.0,0.8,0.463164362,0.5584112
582,22.0,0.4,32.0,0.8,0.1758300169,0.5549765
583,31.0,0.4,32.0,0.8,0.2461044746,0.5555279
584,40.0,0.4,32.0,0.8,0.3225009956,0.5865705
585,4.0,0.5,32.0,0.8,2.792061932,2.4645855
586,13.0,0.5,32.0,0.8,0.3921025225,0.48271394
587,22.0,0.5,32.0,0.8,0.07983127281,0.4569595
588,31.0,0.5,32.0,0.8,0.184779575,0.42546514
589,40.0,0.5,32.0,0.8,0.2973047108,0.45228052
590,4.0,0.6,32.0,0.8,2.667165918,2.3186872
591,13.0,0.6,32.0,0.8,0.5942339575,0.57498384
592,22.0,0.6,32.0,0.8,0.3195061999,0.40856332
593,31.0,0.6,32.0,0.8,0.4664197971,0.39185396
594,40.0,0.6,32.0,0.8,0.6214290485,0.59676605
595,4.0,0.7,32.0,0.8,2.199118463,2.0890489
596,13.0,0.7,32.0,0.8,0.9355453154,0.9049116
597,22.0,0.7,32.0,0.8,0.7326375613,0.63225627
598,31.0,0.7,32.0,0.8,0.9072746349,0.87230974
599,40.0,0.7,32.0,0.8,1.094142338,1.1011852
600,4.0,0.2,8.0,1.0,1.053502026,1.0226096
601,13.0,0.2,8.0,1.0,0.8268933305,0.8627912
602,22.0,0.2,8.0,1.0,0.7500333448,0.78125924
603,31.0,0.2,8.0,1.0,0.6734174169,0.67909473
604,40.0,0.2,8.0,1.0,0.5959173371,0.5766449
605,4.0,0.3,8.0,1.0,0.9138534834,0.9437014
606,13.0,0.3,8.0,1.0,0.5313665692,0.6244544
607,22.0,0.3,8.0,1.0,0.4726391529,0.5713331
608,31.0,0.3,8.0,1.0,0.4139431591,0.47572693
609,40.0,0.3,8.0,1.0,0.3547834352,0.3681216
610,4.0,0.4,8.0,1.0,1.029425933,1.0064418
611,13.0,0.4,8.0,1.0,0.553846372,0.6178626
612,22.0,0.4,8.0,1.0,1.023283354,0.6004666
613,31.0,0.4,8.0,1.0,0.5555307981,0.59353304
614,40.0,0.4,8.0,1.0,0.5568353264,0.7084451
615,4.0,0.5,8.0,1.0,1.223032248,1.2117795
616,13.0,0.5,8.0,1.0,0.6982903524,0.8007046
617,22.0,0.5,8.0,1.0,0.7840531161,0.8658308
618,31.0,0.5,8.0,1.0,0.870599831,0.9948137
619,40.0,0.5,8.0,1.0,1.695535957,1.1847646
620,4.0,0.6,8.0,1.0,1.475908419,1.3690618
621,13.0,0.6,8.0,1.0,0.940395632,0.9990006
622,22.0,0.6,8.0,1.0,1.136475278,1.1421086
623,31.0,0.6,8.0,1.0,1.334860788,1.378705
624,40.0,0.6,8.0,1.0,1.533715841,1.583621
625,4.0,0.7,8.0,1.0,1.694961518,1.6099799
626,13.0,0.7,8.0,1.0,1.212422171,1.3079019
627,22.0,0.7,8.0,1.0,1.537088882,1.5645308
628,31.0,0.7,8.0,1.0,1.865410094,1.8599666
629,40.0,0.7,8.0,1.0,2.194152276,2.1040425
630,4.0,0.2,14.0,1.0,0.647097218,0.6044067
631,13.0,0.2,14.0,1.0,0.05347715465,-0.0026032215
632,22.0,0.2,14.0,1.0,0.004793483748,0.0063147405
633,31.0,0.2,14.0,1.0,0.05661922007,0.015831893
634,40.0,0.2,14.0,1.0,0.1080389867,0.07321623
635,4.0,0.3,14.0,1.0,0.8523397102,0.80362654
636,13.0,0.3,14.0,1.0,0.05373642494,0.14588055
637,22.0,0.3,14.0,1.0,0.02735230256,0.18649328
638,31.0,0.3,14.0,1.0,2.583668476,0.2024994
639,40.0,0.3,14.0,1.0,0.0007160893316,0.21850555
640,4.0,0.4,14.0,1.0,1.199418131,1.0907612
641,13.0,0.4,14.0,1.0,0.2683441508,0.27593154
642,22.0,0.4,14.0,1.0,0.3004759082,0.27239758
643,31.0,0.4,14.0,1.0,0.3508085531,0.2699949
644,40.0,0.4,14.0,1.0,0.4017948332,0.42586067
645,4.0,0.5,14.0,1.0,1.542456452,1.4779925
646,13.0,0.5,14.0,1.0,0.4921841982,0.44990504
647,22.0,0.5,14.0,1.0,0.599629218,0.4740898
648,31.0,0.5,14.0,1.0,0.729730751,0.6287509
649,40.0,0.5,14.0,1.0,0.8609000352,0.93862504
650,4.0,0.6,14.0,1.0,1.84680384,1.6906224
651,13.0,0.6,14.0,1.0,0.7250552213,0.6964431
652,22.0,0.6,14.0,1.0,0.9249538605,0.8461648
653,31.0,0.6,14.0,1.0,1.1512765,1.1911042
654,40.0,0.6,14.0,1.0,1.378888213,1.4848181
655,4.0,0.7,14.0,1.0,1.996458092,1.9792602
656,13.0,0.7,14.0,1.0,0.9568683987,1.1242533
657,22.0,0.7,14.0,1.0,1.254150193,1.3787143
658,31.0,0.7,14.0,1.0,1.580604876,1.6349095
659,40.0,0.7,14.0,1.0,1.908377887,1.8496107
660,4.0,0.2,20.0,1.0,0.6190135142,0.68622434
661,13.0,0.2,20.0,1.0,0.2134361609,0.069051005
662,22.0,0.2,20.0,1.0,0.2918495226,0.11658652
663,31.0,0.2,20.0,1.0,0.3253720718,0.16075407
664,40.0,0.2,20.0,1.0,0.3577795149,0.2049216
665,4.0,0.3,20.0,1.0,1.071687336,0.9069158
666,13.0,0.3,20.0,1.0,0.04254502243,0.14787115
667,22.0,0.3,20.0,1.0,0.01909292726,0.16387728
668,31.0,0.3,20.0,1.0,0.01031456078,0.17741466
669,40.0,0.3,20.0,1.0,0.0003080452775,0.18902662
670,4.0,0.4,20.0,1.0,1.424482851,1.2891186
671,13.0,0.4,20.0,1.0,0.1931784159,0.26219374
672,22.0,0.4,20.0,1.0,0.1689905883,0.2542656
673,31.0,0.4,20.0,1.0,0.2374999051,0.2463375
674,40.0,0.4,20.0,1.0,0.3072578028,0.30113602
675,4.0,0.5,20.0,1.0,1.805934305,1.6364572
676,13.0,0.5,20.0,1.0,0.3340866272,0.41588548
677,22.0,0.5,20.0,1.0,0.36686872,0.41378075
678,31.0,0.5,20.0,1.0,0.5126502469,0.5082263
679,40.0,0.5,20.0,1.0,0.6596089517,0.7225124
680,4.0,0.6,20.0,1.0,2.051824528,1.8541378
681,13.0,0.6,20.0,1.0,0.5258154848,0.5126678
682,22.0,0.6,20.0,1.0,0.6293857568,0.6190811
683,31.0,0.6,20.0,1.0,0.8570282896,0.8073353
684,40.0,0.6,20.0,1.0,1.085584165,1.1490656
685,4.0,0.7,20.0,1.0,2.129955953,1.9048978
686,13.0,0.7,20.0,1.0,0.8119637447,0.9423287
687,22.0,0.7,20.0,1.0,0.9923440909,1.0752054
688,31.0,0.7,20.0,1.0,1.298860954,1.3241711
689,40.0,0.7,20.0,1.0,1.606178619,1.5409184
690,4.0,0.2,26.0,1.0,0.8533216031,0.76953983
691,13.0,0.2,26.0,1.0,0.1040744416,0.0698951
692,22.0,0.2,26.0,1.0,0.2440404604,0.13774557
693,31.0,0.2,26.0,1.0,0.2650957922,0.17751893
694,40.0,0.2,26.0,1.0,0.285250834,0.21729231
695,4.0,0.3,26.0,1.0,1.254770911,1.0577676
696,13.0,0.3,26.0,1.0,0.06932240107,0.09928224
697,22.0,0.3,26.0,1.0,0.08664256861,0.110894196
698,31.0,0.3,26.0,1.0,0.06590491072,0.14937651
699,40.0,0.3,26.0,1.0,0.04427417005,0.18914996
700,4.0,0.4,26.0,1.0,1.577283885,1.4243834
701,13.0,0.4,26.0,1.0,0.06784358328,0.22173636
702,22.0,0.4,26.0,1.0,0.08581238731,0.21380822
703,31.0,0.4,26.0,1.0,0.007313409657,0.2058801
704,40.0,0.4,26.0,1.0,0.07221438339,0.19795212
705,4.0,0.5,26.0,1.0,1.992264877,1.8541008
706,13.0,0.5,26.0,1.0,0.1365928669,0.3243866
707,22.0,0.5,26.0,1.0,0.009754042654,0.3209522
708,31.0,0.5,26.0,1.0,0.1575587458,0.32705784
709,40.0,0.5,26.0,1.0,0.3064006898,0.46248582
710,4.0,0.6,26.0,1.0,2.182616879,1.900879
711,13.0,0.6,26.0,1.0,0.3647405018,0.3431468
712,22.0,0.6,26.0,1.0,0.2910871266,0.36620682
713,31.0,0.6,26.0,1.0,0.5020085212,0.48276103
714,40.0,0.6,26.0,1.0,0.7139423068,0.7620057
715,4.0,0.7,26.0,1.0,2.091456012,1.8985559
716,13.0,0.7,26.0,1.0,0.7254531874,0.7688
717,22.0,0.7,26.0,1.0,0.7285499747,0.82521504
718,31.0,0.7,26.0,1.0,1.003327585,1.0484997
719,40.0,0.7,26.0,1.0,1.279186347,1.2935619
720,4.0,0.2,32.0,1.0,1.073858296,0.9618637
721,13.0,0.2,32.0,1.0,0.04231281998,0.060484074
722,22.0,0.2,32.0,1.0,0.1811582524,0.14508691
723,31.0,0.2,32.0,1.0,0.1964280312,0.18486029
724,40.0,0.2,32.0,1.0,0.209178795,0.22463357
725,4.0,0.3,32.0,1.0,1.315113971,1.2133886
726,13.0,0.3,32.0,1.0,0.01806185938,0.07717098
727,22.0,0.3,32.0,1.0,0.3013335365,0.11694435
728,31.0,0.3,32.0,1.0,0.2795000294,0.15671764
729,40.0,0.3,32.0,1.0,0.2533816263,0.19649124
730,4.0,0.4,32.0,1.0,1.686129533,1.6110363
731,13.0,0.4,32.0,1.0,0.1634575135,0.17028303
732,22.0,0.4,32.0,1.0,0.496501877,0.17276989
733,31.0,0.4,32.0,1.0,0.4194806884,0.16940096
734,40.0,0.4,32.0,1.0,0.3355581773,0.17498198
735,4.0,0.5,32.0,1.0,2.092036034,1.8906443
736,13.0,0.5,32.0,1.0,0.07445022581,0.123261794
737,22.0,0.5,32.0,1.0,0.4056700359,0.11982723
738,31.0,0.5,32.0,1.0,0.2673231301,0.1163926
739,40.0,0.5,32.0,1.0,0.1202197933,0.20136917
740,4.0,0.6,32.0,1.0,2.100574639,1.9912094
741,13.0,0.6,32.0,1.0,0.2657558581,0.20906614
742,22.0,0.6,32.0,1.0,0.005267681875,0.13217193
743,31.0,0.6,32.0,1.0,0.1978240655,0.22988684
744,40.0,0.6,32.0,1.0,0.376664712,0.40494755
745,4.0,0.7,32.0,1.0,1.983089601,1.9288441
746,13.0,0.7,32.0,1.0,0.7218444904,0.7024391
747,22.0,0.7,32.0,1.0,0.5354414483,0.55723715
748,31.0,0.7,32.0,1.0,0.7756462228,0.69873303
749,40.0,0.7,32.0,1.0,1.036510595,0.9485429
750,25.0,0.32,19.0,0.43,2.180721114,2.15251
751,15.0,0.41,12.0,0.47,1.665084599,1.6754738
752,12.0,0.32,31.0,0.46,2.016879368,1.9786997
753,22.0,0.45,23.0,0.45,1.573270012,1.6307634
754,6.0,0.64,23.0,0.83,1.770419339,1.7023457
755,13.0,0.21,34.0,0.34,3.084274407,3.2108085
756,29.0,0.47,16.0,0.49,1.753799506,1.7614126
757,24.0,0.33,19.0,0.38,2.287676626,2.2038622
758,12.0,0.44,22.0,0.63,1.283878682,1.2379823
759,14.0,0.58,24.0,0.65,0.9732178134,0.94702667
760,10.0,0.58,12.0,0.61,1.389372494,1.4905974
761,17.0,0.41,20.0,0.46,1.70479455,1.863851
762,25.21,0.29,8.82,0.46,1.502775649,1.5444716
763,22.72,0.4,8.04,0.47,1.595511389,1.6149744
764,14.0,0.27,23.0,0.37,2.64640854,2.4731562
765,6.37,0.31,25.98,0.73,1.696882473,1.6395808
766,28.0,0.4,15.0,0.43,1.956073356,1.95789
767,25.35,0.47,15.29,0.49,1.72741329,1.7208675
768,12.0,0.3,31.0,0.45,2.177212677,2.0868862
769,7.0,0.52,12.0,0.68,1.379308302,1.2913709
770,19.0,0.36,13.0,0.38,2.007054356,2.06338
771,23.6,0.33,8.05,0.45,1.561353853,1.5596802
772,11.0,0.65,22.0,0.75,1.116667491,1.1192231
773,13.0,0.33,17.0,0.45,1.98430942,1.9863935
774,22.0,0.38,21.0,0.4,1.973661816,2.034262
775,17.2,0.44,15.32,0.5,1.666432063,1.6384335
776,20.0,0.38,16.0,0.41,2.00643125,2.0121112
777,19.0,0.42,23.0,0.43,1.699301059,1.8123748
778,9.96,0.29,28.7,0.63,1.878625405,1.628873
779,24.28,0.29,25.15,0.32,2.599955916,2.4513295
780,14.0,0.5,13.0,0.5,1.59259448,1.5723305
781,27.75,0.34,8.2,0.42,1.700537647,1.7930615
782,17.0,0.37,13.0,0.37,2.00807772,2.0723157
783,22.0,0.31,25.0,0.31,2.510224456,2.4115982
784,19.0,0.39,16.0,0.41,1.983806322,1.9839112
785,4.0,0.29,14.0,0.34,2.402248208,2.4077451
786,11.78,0.39,18.78,0.52,1.71522808,1.7504526
787,20.77,0.23,25.79,0.24,3.025671672,3.1955872
788,9.0,0.57,14.0,0.59,1.472223422,1.4743726
789,25.16,0.38,17.06,0.4,2.052284042,2.0484128
790,9.0,0.68,29.0,0.76,1.458700363,1.2145936
791,26.0,0.3,19.0,0.32,2.561272282,2.3966973
792,9.95,0.27,15.84,0.41,2.07422009,2.1263497
793,11.0,0.54,31.0,0.7,0.9134568246,0.7546771
794,6.0,0.6,21.0,0.63,2.06571936,1.9429911
795,14.0,0.46,15.0,0.46,1.706349195,1.7077602
796,4.0,0.32,26.0,0.49,3.031611198,2.8898864
797,11.0,0.47,31.0,0.58,1.167780345,1.0268348
798,19.0,0.31,12.0,0.35,2.07024989,2.1765559
799,8.0,0.49,12.0,0.51,1.615318654,1.4857062
800,10.0,0.61,19.0,0.62,1.310642992,1.2974015
801,8.26,0.29,15.3,0.41,2.107085116,2.1051087
802,6.9,0.34,10.33,0.45,1.650446822,1.6313926
803,13.0,0.31,26.0,0.39,2.290663281,2.3335998
804,5.0,0.5,8.0,0.5,1.630467751,1.4240537
805,8.0,0.36,16.0,0.43,2.049476346,1.9661869
806,14.0,0.65,30.0,0.65,0.9278436274,0.8871291
807,10.0,0.61,27.0,0.77,1.051014834,1.0169563
808,8.02,0.3,16.71,0.34,2.42030225,2.363619
809,9.0,0.53,25.0,0.58,1.475142378,1.3706352
810,7.19,0.49,23.87,0.75,1.390501048,1.4935937
811,5.0,0.34,20.0,0.54,2.143461077,2.208053
812,8.75,0.31,19.41,0.39,2.377629543,2.2826219
813,5.0,0.33,27.0,0.39,2.698306505,3.1165714
814,11.0,0.64,28.0,0.71,1.087423005,1.0563799
815,7.57,0.55,24.29,0.63,1.545393388,1.6097447
816,8.0,0.56,23.0,0.65,1.493460337,1.4033315
817,9.0,0.4,18.0,0.4,2.002429472,2.0100543
818,7.0,0.37,30.0,0.55,1.858137441,2.2817352
819,7.0,0.42,18.0,0.48,1.928261201,1.7950188
820,9.0,0.34,27.0,0.39,2.249614719,2.2012002
821,5.0,0.41,19.0,0.55,2.128488081,2.2327929
822,8.0,0.32,27.0,0.36,2.44468857,2.3711057
823,9.0,0.39,22.0,0.41,2.034956235,2.0471904
824,6.0,0.44,25.0,0.57,1.929631448,2.287145
825,27.0,0.36,10.0,0.81,1.396331285,0.65690035
826,38.0,0.68,31.0,0.8,0.9965017422,1.0311933
827,4.0,0.62,26.0,0.62,2.972925756,2.4877145
828,39.08,0.24,27.13,0.68,1.469563599,1.4051847
829,4.36,0.52,28.84,0.67,2.97950883,2.6783037
830,25.0,0.28,27.0,0.7,1.333666156,1.253295
831,4.0,0.57,23.0,0.74,2.758963937,2.5243444
832,30.38,0.28,27.78,0.65,1.573876309,1.5261028
833,38.0,0.65,10.0,0.9,1.882131705,1.925471
834,22.0,0.23,24.0,0.68,1.33695652,1.273429
835,12.0,0.2,31.0,0.75,1.403082879,1.102071
836,37.0,0.65,19.0,0.94,1.377161758,1.4287622
837,12.0,0.2,8.0,0.32,2.188340922,1.5800517
838,27.0,0.7,21.0,0.79,1.297605561,1.3517148
839,19.0,0.7,20.0,0.8,1.122665289,1.2391771
840,36.0,0.2,11.0,0.26,2.788018732,2.450306
841,29.0,0.69,20.0,0.79,1.358199138,1.4285098
842,37.73,0.42,25.33,0.62,1.210694507,1.282075
843,28.0,0.62,26.0,0.71,0.9219340282,0.9352028
844,31.0,0.53,23.0,0.7,1.032843098,1.0633401
845,38.0,0.52,11.0,0.76,1.497647568,1.6006134
846,40.0,0.39,30.0,0.54,1.284810491,1.2015547
847,29.0,0.28,22.0,0.65,1.415975962,1.4467839
848,28.0,0.62,20.0,0.78,1.188002033,1.2018735
849,34.81,0.34,21.8,0.64,1.497909866,1.4783493
850,35.0,0.49,21.0,0.69,1.240300727,1.2706678
851,39.0,0.42,27.0,0.57,1.2656759,1.2824345
852,33.0,0.65,20.0,0.83,1.330926707,1.4014171
853,22.0,0.52,25.0,0.68,0.8280225944,0.8829585
854,5.0,0.2,30.0,0.3,3.83609405,3.5145068
855,34.0,0.65,31.0,0.65,0.8966325148,0.9278115
856,14.0,0.69,23.0,0.84,0.9071086068,0.9419604
857,37.0,0.25,12.0,0.45,1.685037991,1.7060344
858,30.0,0.24,27.0,0.44,2.685653092,2.4708803
859,29.42,0.28,17.84,0.64,1.340479974,1.2595989
860,31.0,0.49,26.0,0.59,1.076221073,1.0749795
861,31.2,0.31,17.73,0.63,1.389239263,1.4206513
862,28.61,0.33,25.36,0.55,1.778468221,1.7871668
863,20.0,0.35,28.0,0.55,1.544838812,1.6528767
864,33.0,0.66,14.0,0.77,1.729511872,1.7640141
865,19.0,0.44,21.0,0.63,1.236217787,1.2395782
866,31.0,0.54,15.0,0.71,1.449625525,1.4266119
867,28.0,0.5,23.0,0.6,1.199045884,1.2239535
868,38.67,0.25,24.29,0.48,2.371810465,2.2295187
869,37.0,0.25,11.0,0.35,2.040342097,2.0858107
870,28.0,0.37,30.0,0.5,1.462990722,1.4910983
871,22.93,0.5,15.02,0.72,1.233380558,1.2490526
872,20.0,0.58,17.0,0.77,1.109759888,1.0262258
873,39.0,0.37,30.0,0.46,1.611968328,1.6059102
874,20.0,0.22,21.0,0.39,2.54408157,2.4862714
875,21.0,0.5,8.0,0.69,1.316064033,1.3259245
876,30.0,0.34,28.0,0.48,1.783030815,1.8010039
877,24.0,0.43,32.0,0.46,1.127554537,1.1587938
878,32.0,0.57,17.0,0.69,1.463932684,1.440073
879,28.0,0.44,11.0,0.63,1.397900566,1.5088028
880,31.42,0.59,19.28,0.64,1.398990986,1.3786527
881,24.0,0.47,17.0,0.67,1.302919222,1.2965803
882,26.0,0.69,9.0,0.76,1.826020139,1.8426197
883,21.0,0.55,13.0,0.71,1.326869309,1.3758897
884,31.0,0.22,16.0,0.28,2.689042517,2.772282
885,38.0,0.43,22.0,0.53,1.584153323,1.6585281
886,8.38,0.68,19.8,0.92,1.230515805,1.1461607
887,17.0,0.43,21.0,0.6,1.324409029,1.361133
888,19.0,0.6,23.0,0.63,1.034516482,1.092715
889,16.0,0.46,26.0,0.63,0.9437098913,1.0460905
890,31.0,0.28,16.0,0.48,1.863002303,1.8135756
891,5.55,0.67,24.32,0.9,1.986106517,1.7137222
892,39.94,0.52,25.46,0.53,1.296202437,1.2988971
893,39.0,0.35,8.0,0.4,1.85841482,1.9900348
894,21.76,0.61,11.51,0.71,1.476347159,1.4819711
895,12.0,0.58,12.0,0.77,1.116257276,1.1343443
896,15.0,0.21,17.0,0.3,2.626742141,2.76067
897,29.0,0.41,22.0,0.52,1.579415122,1.6469935
898,14.0,0.2,16.0,0.27,2.705316229,2.941721
899,18.0,0.47,13.0,0.67,1.246841823,1.3098902
900,35.06,0.48,19.63,0.57,1.556542502,1.5562211
901,13.0,0.23,23.0,0.61,1.692743131,1.5742258
902,27.0,0.56,16.0,0.67,1.432578917,1.4422362
903,29.0,0.5,13.0,0.62,1.54622878,1.5972469
904,37.0,0.51,17.0,0.61,1.608263384,1.6137542
905,14.0,0.3,19.0,0.61,1.455544188,1.5369949
906,32.0,0.32,12.0,0.42,1.855430269,2.0001464
907,15.89,0.48,15.17,0.68,1.204293804,1.2990136
908,38.0,0.28,24.0,0.39,2.594008506,2.3542228
909,21.0,0.61,14.0,0.7,1.396609467,1.4040307
910,11.0,0.24,11.0,0.31,2.130402806,2.1837149
911,23.0,0.4,8.0,0.56,1.39104137,1.4070575
912,23.0,0.55,13.0,0.65,1.465797739,1.5375742
913,24.0,0.35,8.0,0.45,1.585048182,1.605989
914,22.0,0.4,28.0,0.5,1.387467179,1.4928015
915,39.0,0.32,12.0,0.35,2.160509594,2.2931688
916,31.0,0.32,28.0,0.42,2.084979834,2.0283875
917,35.0,0.47,14.0,0.57,1.686866432,1.7550154
918,15.0,0.57,22.0,0.66,1.008980611,1.011221
919,10.0,0.62,12.0,0.78,1.165844942,1.1917778
920,15.0,0.57,15.0,0.69,1.212723912,1.2485319
921,27.0,0.5,24.0,0.52,1.301219728,1.2836952
922,22.0,0.31,23.0,0.46,2.166516654,2.1723943
923,14.0,0.54,15.0,0.68,1.221807116,1.257851
924,6.0,0.24,30.0,0.43,2.998257081,2.7005267
925,16.0,0.37,8.0,0.44,1.556685712,1.569094
926,27.0,0.34,27.0,0.45,1.891923108,1.9322417
927,36.42,0.34,24.42,0.44,2.010761907,2.032964
928,26.0,0.5,25.0,0.51,1.277374516,1.2397004
929,4.0,0.21,15.0,0.4,2.133893198,2.0794291
930,28.0,0.24,19.0,0.43,2.232039074,2.213202
931,21.0,0.33,11.0,0.39,1.837274689,2.0111125
932,28.66,0.45,15.92,0.57,1.596879733,1.6577892
933,14.0,0.66,9.0,0.69,1.425450224,1.4833125
934,11.48,0.27,22.26,0.62,1.616272252,1.6212496
935,23.99,0.55,10.14,0.58,1.619300534,1.6476539
936,6.0,0.62,29.0,0.74,2.106817697,1.7932564
937,31.0,0.41,10.0,0.51,1.635686012,1.7487097
938,20.0,0.38,20.0,0.51,1.745469136,1.8401737
939,12.0,0.43,26.0,0.58,1.3053008,1.3029506
940,35.46,0.28,9.56,0.5,1.446003464,1.511439
941,32.0,0.51,10.0,0.53,1.772449488,1.7595254
942,17.0,0.32,14.0,0.48,1.690079409,1.7949809
943,29.0,0.26,17.0,0.27,2.741722616,2.6005979
944,25.96,0.3,19.66,0.47,2.110132741,2.0798302
945,31.2,0.44,10.02,0.52,1.693375802,1.7415758
946,15.0,0.23,28.0,0.32,3.320202587,2.9389708
947,35.0,0.39,12.0,0.45,1.887040206,1.9737659
948,28.0,0.55,16.0,0.57,1.594560198,1.6207538
949,33.15,0.31,23.1,0.4,2.362131238,2.2451062
950,15.0,0.39,19.0,0.54,1.615336349,1.7040982
951,16.0,0.44,31.0,0.46,1.201635661,1.2846481
952,23.0,0.6,16.0,0.6,1.465904801,1.5216054
953,36.0,0.36,21.0,0.41,2.051899727,2.1146967
954,31.0,0.28,19.0,0.33,2.607876819,2.444962
955,23.0,0.48,16.0,0.56,1.532161001,1.5980246
956,39.0,0.37,18.0,0.42,2.12728048,2.090776
957,32.0,0.38,19.0,0.45,1.965229155,1.9786369
958,33.0,0.38,12.0,0.38,2.040538272,2.1246512
959,13.0,0.38,29.0,0.53,1.465555228,1.5647154
960,12.87,0.2,15.24,0.45,1.712377887,1.6981155
961,36.0,0.38,19.0,0.43,2.038198314,2.0338573
962,19.0,0.38,14.0,0.5,1.696358849,1.698487
963,22.0,0.24,23.0,0.28,3.11422939,2.8546185
964,14.33,0.45,19.68,0.55,1.467910173,1.5242622
965,20.0,0.25,10.0,0.48,1.374831413,1.435397
966,33.0,0.24,26.0,0.26,3.225019792,3.0442612
967,28.0,0.32,22.0,0.37,2.268342939,2.2590404
968,13.0,0.43,13.0,0.56,1.44982065,1.4381753
969,35.37,0.23,26.86,0.28,2.975354113,3.1035235
970,35.29,0.29,20.1,0.37,2.517775017,2.3598788
971,7.26,0.2,19.05,0.39,2.407816436,2.1251514
972,21.0,0.27,31.0,0.29,2.960287932,2.763625
973,13.0,0.43,25.0,0.56,1.332375166,1.3852001
974,34.28,0.25,12.29,0.41,1.866097756,1.8367362
